{"cameraMode":{"drawMode":0,"name":"Shaded","section":"Shading Mode"},"sceneLighting":true,"audioPlay":false,"sceneViewState":{"showFog":true,"showMaterialUpdate":false,"showSkybox":true,"showFlares":true,"showImageEffects":true,"showParticleSystems":true},"in2DMode":false,"pivot":{"x":2.2903919219970705,"y":-4.720782279968262,"z":-6.2642412185668949},"rotation":{"x":-0.008060725405812264,"y":-0.962052047252655,"z":0.271244078874588,"w":-0.028589634224772455},"size":10.0,"orthographic":false}